{
  "entityCount": 5,
  "layers": {
    "0": {
      "1": {
        "vertCount": 2,
        "connectLine": 0,
        "endPts": [
          [
            0,
            0
          ],
          [
            50,
            50
          ]
        ],
        "color": 250,
        "type": "POLYLINE",
        "dir": 0,
        "layer": 0
      },
      "geoCount": 1
    },
    "1": {
      "1": {
        "vertCount": 418,
        "connectLine": 0,
        "endPts": [
          [
            50,
            50
          ],
          [
            50,
            50
          ],
          [
            54.5440673828125,
            50.7171630859375
          ],
          [
            58.8134765625,
            52.8076171875
          ],
          [
            62.8265380859375,
            56.1798095703125
          ],
          [
            66.6015625,
            60.7421875
          ],
          [
            70.1568603515625,
            66.4031982421875
          ],
          [
            73.5107421875,
            73.0712890625
          ],
          [
            76.6815185546875,
            80.6549072265625
          ],
          [
            79.6875,
            89.0625
          ],
          [
            82.5469970703125,
            98.2025146484375
          ],
          [
            85.2783203125,
            107.9833984375
          ],
          [
            87.8997802734375,
            118.3135986328125
          ],
          [
            90.4296875,
            129.1015625
          ],
          [
            92.8863525390625,
            140.2557373046875
          ],
          [
            95.2880859375,
            151.6845703125
          ],
          [
            97.6531982421875,
            163.2965087890625
          ],
          [
            100,
            175
          ],
          [
            102.3468017578125,
            186.7034912109375
          ],
          [
            104.7119140625,
            198.3154296875
          ],
          [
            107.1136474609375,
            209.7442626953125
          ],
          [
            109.5703125,
            220.8984375
          ],
          [
            112.1002197265625,
            231.6864013671875
          ],
          [
            114.7216796875,
            242.0166015625
          ],
          [
            117.4530029296875,
            251.7974853515625
          ],
          [
            120.3125,
            260.9375
          ],
          [
            123.3184814453125,
            269.3450927734375
          ],
          [
            126.4892578125,
            276.9287109375
          ],
          [
            129.8431396484375,
            283.5968017578125
          ],
          [
            133.3984375,
            289.2578125
          ],
          [
            137.1734619140625,
            293.8201904296875
          ],
          [
            141.1865234375,
            297.1923828125
          ],
          [
            145.4559326171875,
            299.2828369140625
          ],
          [
            150,
            300
          ],
          [
            154.5440673828125,
            299.2828369140625
          ],
          [
            158.8134765625,
            297.1923828125
          ],
          [
            162.8265380859375,
            293.8201904296875
          ],
          [
            166.6015625,
            289.2578125
          ],
          [
            170.1568603515625,
            283.5968017578125
          ],
          [
            173.5107421875,
            276.9287109375
          ],
          [
            176.6815185546875,
            269.3450927734375
          ],
          [
            179.6875,
            260.9375
          ],
          [
            182.5469970703125,
            251.7974853515625
          ],
          [
            185.2783203125,
            242.0166015625
          ],
          [
            187.8997802734375,
            231.6864013671875
          ],
          [
            190.4296875,
            220.8984375
          ],
          [
            192.8863525390625,
            209.7442626953125
          ],
          [
            195.2880859375,
            198.3154296875
          ],
          [
            197.6531982421875,
            186.7034912109375
          ],
          [
            200,
            175
          ],
          [
            202.3468017578125,
            163.2965087890625
          ],
          [
            204.7119140625,
            151.6845703125
          ],
          [
            207.1136474609375,
            140.2557373046875
          ],
          [
            209.5703125,
            129.1015625
          ],
          [
            212.1002197265625,
            118.3135986328125
          ],
          [
            214.7216796875,
            107.9833984375
          ],
          [
            217.4530029296875,
            98.2025146484375
          ],
          [
            220.3125,
            89.0625
          ],
          [
            223.3184814453125,
            80.6549072265625
          ],
          [
            226.4892578125,
            73.0712890625
          ],
          [
            229.8431396484375,
            66.4031982421875
          ],
          [
            233.3984375,
            60.7421875
          ],
          [
            237.1734619140625,
            56.1798095703125
          ],
          [
            241.1865234375,
            52.8076171875
          ],
          [
            245.4559326171875,
            50.7171630859375
          ],
          [
            250,
            50
          ],
          [
            254.5440673828125,
            50.7171630859375
          ],
          [
            258.8134765625,
            52.8076171875
          ],
          [
            262.8265380859375,
            56.1798095703125
          ],
          [
            266.6015625,
            60.7421875
          ],
          [
            270.1568603515625,
            66.4031982421875
          ],
          [
            273.5107421875,
            73.0712890625
          ],
          [
            276.6815185546875,
            80.6549072265625
          ],
          [
            279.6875,
            89.0625
          ],
          [
            282.5469970703125,
            98.2025146484375
          ],
          [
            285.2783203125,
            107.9833984375
          ],
          [
            287.8997802734375,
            118.3135986328125
          ],
          [
            290.4296875,
            129.1015625
          ],
          [
            292.8863525390625,
            140.2557373046875
          ],
          [
            295.2880859375,
            151.6845703125
          ],
          [
            297.6531982421875,
            163.2965087890625
          ],
          [
            300,
            175
          ],
          [
            302.3468017578125,
            186.7034912109375
          ],
          [
            304.7119140625,
            198.3154296875
          ],
          [
            307.1136474609375,
            209.7442626953125
          ],
          [
            309.5703125,
            220.8984375
          ],
          [
            312.1002197265625,
            231.6864013671875
          ],
          [
            314.7216796875,
            242.0166015625
          ],
          [
            317.4530029296875,
            251.7974853515625
          ],
          [
            320.3125,
            260.9375
          ],
          [
            323.3184814453125,
            269.3450927734375
          ],
          [
            326.4892578125,
            276.9287109375
          ],
          [
            329.8431396484375,
            283.5968017578125
          ],
          [
            333.3984375,
            289.2578125
          ],
          [
            337.1734619140625,
            293.8201904296875
          ],
          [
            341.1865234375,
            297.1923828125
          ],
          [
            345.4559326171875,
            299.2828369140625
          ],
          [
            350,
            300
          ],
          [
            354.5440673828125,
            299.2828369140625
          ],
          [
            358.8134765625,
            297.1923828125
          ],
          [
            362.8265380859375,
            293.8201904296875
          ],
          [
            366.6015625,
            289.2578125
          ],
          [
            370.1568603515625,
            283.5968017578125
          ],
          [
            373.5107421875,
            276.9287109375
          ],
          [
            376.6815185546875,
            269.3450927734375
          ],
          [
            379.6875,
            260.9375
          ],
          [
            382.5469970703125,
            251.7974853515625
          ],
          [
            385.2783203125,
            242.0166015625
          ],
          [
            387.8997802734375,
            231.6864013671875
          ],
          [
            390.4296875,
            220.8984375
          ],
          [
            392.8863525390625,
            209.7442626953125
          ],
          [
            395.2880859375,
            198.3154296875
          ],
          [
            397.6531982421875,
            186.7034912109375
          ],
          [
            400,
            175
          ],
          [
            402.3468017578125,
            163.2965087890625
          ],
          [
            404.7119140625,
            151.6845703125
          ],
          [
            407.1136474609375,
            140.2557373046875
          ],
          [
            409.5703125,
            129.1015625
          ],
          [
            412.1002197265625,
            118.3135986328125
          ],
          [
            414.7216796875,
            107.9833984375
          ],
          [
            417.4530029296875,
            98.2025146484375
          ],
          [
            420.3125,
            89.0625
          ],
          [
            423.3184814453125,
            80.6549072265625
          ],
          [
            426.4892578125,
            73.0712890625
          ],
          [
            429.8431396484375,
            66.4031982421875
          ],
          [
            433.3984375,
            60.7421875
          ],
          [
            437.1734619140625,
            56.1798095703125
          ],
          [
            441.1865234375,
            52.8076171875
          ],
          [
            445.4559326171875,
            50.7171630859375
          ],
          [
            450,
            50
          ],
          [
            454.5440673828125,
            50.7171630859375
          ],
          [
            458.8134765625,
            52.8076171875
          ],
          [
            462.8265380859375,
            56.1798095703125
          ],
          [
            466.6015625,
            60.7421875
          ],
          [
            470.1568603515625,
            66.4031982421875
          ],
          [
            473.5107421875,
            73.0712890625
          ],
          [
            476.6815185546875,
            80.6549072265625
          ],
          [
            479.6875,
            89.0625
          ],
          [
            482.5469970703125,
            98.2025146484375
          ],
          [
            485.2783203125,
            107.9833984375
          ],
          [
            487.8997802734375,
            118.3135986328125
          ],
          [
            490.4296875,
            129.1015625
          ],
          [
            492.8863525390625,
            140.2557373046875
          ],
          [
            495.2880859375,
            151.6845703125
          ],
          [
            497.6531982421875,
            163.2965087890625
          ],
          [
            500,
            175
          ],
          [
            502.3468017578125,
            186.7034912109375
          ],
          [
            504.7119140625,
            198.3154296875
          ],
          [
            507.1136474609375,
            209.7442626953125
          ],
          [
            509.5703125,
            220.8984375
          ],
          [
            512.1002197265625,
            231.6864013671875
          ],
          [
            514.7216796875,
            242.0166015625
          ],
          [
            517.4530029296875,
            251.7974853515625
          ],
          [
            520.3125,
            260.9375
          ],
          [
            523.3184814453125,
            269.3450927734375
          ],
          [
            526.4892578125,
            276.9287109375
          ],
          [
            529.8431396484375,
            283.5968017578125
          ],
          [
            533.3984375,
            289.2578125
          ],
          [
            537.1734619140625,
            293.8201904296875
          ],
          [
            541.1865234375,
            297.1923828125
          ],
          [
            545.4559326171875,
            299.2828369140625
          ],
          [
            550,
            300
          ],
          [
            554.5440673828125,
            299.2828369140625
          ],
          [
            558.8134765625,
            297.1923828125
          ],
          [
            562.8265380859375,
            293.8201904296875
          ],
          [
            566.6015625,
            289.2578125
          ],
          [
            570.1568603515625,
            283.5968017578125
          ],
          [
            573.5107421875,
            276.9287109375
          ],
          [
            576.6815185546875,
            269.3450927734375
          ],
          [
            579.6875,
            260.9375
          ],
          [
            582.5469970703125,
            251.7974853515625
          ],
          [
            585.2783203125,
            242.0166015625
          ],
          [
            587.8997802734375,
            231.6864013671875
          ],
          [
            590.4296875,
            220.8984375
          ],
          [
            592.8863525390625,
            209.7442626953125
          ],
          [
            595.2880859375,
            198.3154296875
          ],
          [
            597.6531982421875,
            186.7034912109375
          ],
          [
            600,
            175
          ],
          [
            602.3468017578125,
            163.2965087890625
          ],
          [
            604.7119140625,
            151.6845703125
          ],
          [
            607.1136474609375,
            140.2557373046875
          ],
          [
            609.5703125,
            129.1015625
          ],
          [
            612.1002197265625,
            118.3135986328125
          ],
          [
            614.7216796875,
            107.9833984375
          ],
          [
            617.4530029296875,
            98.2025146484375
          ],
          [
            620.3125,
            89.0625
          ],
          [
            623.3184814453125,
            80.6549072265625
          ],
          [
            626.4892578125,
            73.0712890625
          ],
          [
            629.8431396484375,
            66.4031982421875
          ],
          [
            633.3984375,
            60.7421875
          ],
          [
            637.1734619140625,
            56.1798095703125
          ],
          [
            641.1865234375,
            52.8076171875
          ],
          [
            645.4559326171875,
            50.7171630859375
          ],
          [
            650,
            50
          ],
          [
            654.5440673828125,
            50.7171630859375
          ],
          [
            658.8134765625,
            52.8076171875
          ],
          [
            662.8265380859375,
            56.1798095703125
          ],
          [
            666.6015625,
            60.7421875
          ],
          [
            670.1568603515625,
            66.4031982421875
          ],
          [
            673.5107421875,
            73.0712890625
          ],
          [
            676.6815185546875,
            80.6549072265625
          ],
          [
            679.6875,
            89.0625
          ],
          [
            682.5469970703125,
            98.2025146484375
          ],
          [
            685.2783203125,
            107.9833984375
          ],
          [
            687.8997802734375,
            118.3135986328125
          ],
          [
            690.4296875,
            129.1015625
          ],
          [
            692.8863525390625,
            140.2557373046875
          ],
          [
            695.2880859375,
            151.6845703125
          ],
          [
            697.6531982421875,
            163.2965087890625
          ],
          [
            700,
            175
          ],
          [
            702.3468017578125,
            186.7034912109375
          ],
          [
            704.7119140625,
            198.3154296875
          ],
          [
            707.1136474609375,
            209.7442626953125
          ],
          [
            709.5703125,
            220.8984375
          ],
          [
            712.1002197265625,
            231.6864013671875
          ],
          [
            714.7216796875,
            242.0166015625
          ],
          [
            717.4530029296875,
            251.7974853515625
          ],
          [
            720.3125,
            260.9375
          ],
          [
            723.3184814453125,
            269.3450927734375
          ],
          [
            726.4892578125,
            276.9287109375
          ],
          [
            729.8431396484375,
            283.5968017578125
          ],
          [
            733.3984375,
            289.2578125
          ],
          [
            737.1734619140625,
            293.8201904296875
          ],
          [
            741.1865234375,
            297.1923828125
          ],
          [
            745.4559326171875,
            299.2828369140625
          ],
          [
            750,
            300
          ],
          [
            754.5440673828125,
            299.2828369140625
          ],
          [
            758.8134765625,
            297.1923828125
          ],
          [
            762.8265380859375,
            293.8201904296875
          ],
          [
            766.6015625,
            289.2578125
          ],
          [
            770.1568603515625,
            283.5968017578125
          ],
          [
            773.5107421875,
            276.9287109375
          ],
          [
            776.6815185546875,
            269.3450927734375
          ],
          [
            779.6875,
            260.9375
          ],
          [
            782.5469970703125,
            251.7974853515625
          ],
          [
            785.2783203125,
            242.0166015625
          ],
          [
            787.8997802734375,
            231.6864013671875
          ],
          [
            790.4296875,
            220.8984375
          ],
          [
            792.8863525390625,
            209.7442626953125
          ],
          [
            795.2880859375,
            198.3154296875
          ],
          [
            797.6531982421875,
            186.7034912109375
          ],
          [
            800,
            175
          ],
          [
            802.3468017578125,
            163.2965087890625
          ],
          [
            804.7119140625,
            151.6845703125
          ],
          [
            807.1136474609375,
            140.2557373046875
          ],
          [
            809.5703125,
            129.1015625
          ],
          [
            812.1002197265625,
            118.3135986328125
          ],
          [
            814.7216796875,
            107.9833984375
          ],
          [
            817.4530029296875,
            98.2025146484375
          ],
          [
            820.3125,
            89.0625
          ],
          [
            823.3184814453125,
            80.6549072265625
          ],
          [
            826.4892578125,
            73.0712890625
          ],
          [
            829.8431396484375,
            66.4031982421875
          ],
          [
            833.3984375,
            60.7421875
          ],
          [
            837.1734619140625,
            56.1798095703125
          ],
          [
            841.1865234375,
            52.8076171875
          ],
          [
            845.4559326171875,
            50.7171630859375
          ],
          [
            850,
            50
          ],
          [
            854.5440673828125,
            50.7171630859375
          ],
          [
            858.8134765625,
            52.8076171875
          ],
          [
            862.8265380859375,
            56.1798095703125
          ],
          [
            866.6015625,
            60.7421875
          ],
          [
            870.1568603515625,
            66.4031982421875
          ],
          [
            873.5107421875,
            73.0712890625
          ],
          [
            876.6815185546875,
            80.6549072265625
          ],
          [
            879.6875,
            89.0625
          ],
          [
            882.5469970703125,
            98.2025146484375
          ],
          [
            885.2783203125,
            107.9833984375
          ],
          [
            887.8997802734375,
            118.3135986328125
          ],
          [
            890.4296875,
            129.1015625
          ],
          [
            892.8863525390625,
            140.2557373046875
          ],
          [
            895.2880859375,
            151.6845703125
          ],
          [
            897.6531982421875,
            163.2965087890625
          ],
          [
            900,
            175
          ],
          [
            902.3468017578125,
            186.7034912109375
          ],
          [
            904.7119140625,
            198.3154296875
          ],
          [
            907.1136474609375,
            209.7442626953125
          ],
          [
            909.5703125,
            220.8984375
          ],
          [
            912.1002197265625,
            231.6864013671875
          ],
          [
            914.7216796875,
            242.0166015625
          ],
          [
            917.4530029296875,
            251.7974853515625
          ],
          [
            920.3125,
            260.9375
          ],
          [
            923.3184814453125,
            269.3450927734375
          ],
          [
            926.4892578125,
            276.9287109375
          ],
          [
            929.8431396484375,
            283.5968017578125
          ],
          [
            933.3984375,
            289.2578125
          ],
          [
            937.1734619140625,
            293.8201904296875
          ],
          [
            941.1865234375,
            297.1923828125
          ],
          [
            945.4559326171875,
            299.2828369140625
          ],
          [
            950,
            300
          ],
          [
            954.5440673828125,
            299.2828369140625
          ],
          [
            958.8134765625,
            297.1923828125
          ],
          [
            962.8265380859375,
            293.8201904296875
          ],
          [
            966.6015625,
            289.2578125
          ],
          [
            970.1568603515625,
            283.5968017578125
          ],
          [
            973.5107421875,
            276.9287109375
          ],
          [
            976.6815185546875,
            269.3450927734375
          ],
          [
            979.6875,
            260.9375
          ],
          [
            982.5469970703125,
            251.7974853515625
          ],
          [
            985.2783203125,
            242.0166015625
          ],
          [
            987.8997802734375,
            231.6864013671875
          ],
          [
            990.4296875,
            220.8984375
          ],
          [
            992.8863525390625,
            209.7442626953125
          ],
          [
            995.2880859375,
            198.3154296875
          ],
          [
            997.6531982421875,
            186.7034912109375
          ],
          [
            1000,
            175
          ],
          [
            1002.3468017578125,
            163.2965087890625
          ],
          [
            1004.7119140625,
            151.6845703125
          ],
          [
            1007.1136474609375,
            140.2557373046875
          ],
          [
            1009.5703125,
            129.1015625
          ],
          [
            1012.1002197265625,
            118.3135986328125
          ],
          [
            1014.7216796875,
            107.9833984375
          ],
          [
            1017.4530029296875,
            98.2025146484375
          ],
          [
            1020.3125,
            89.0625
          ],
          [
            1023.3184814453125,
            80.6549072265625
          ],
          [
            1026.4892578125,
            73.0712890625
          ],
          [
            1029.8431396484375,
            66.4031982421875
          ],
          [
            1033.3984375,
            60.7421875
          ],
          [
            1037.1734619140625,
            56.1798095703125
          ],
          [
            1041.1865234375,
            52.8076171875
          ],
          [
            1045.4559326171875,
            50.7171630859375
          ],
          [
            1050,
            50
          ],
          [
            1054.5440673828125,
            50.7171630859375
          ],
          [
            1058.8134765625,
            52.8076171875
          ],
          [
            1062.8265380859375,
            56.1798095703125
          ],
          [
            1066.6015625,
            60.7421875
          ],
          [
            1070.1568603515625,
            66.4031982421875
          ],
          [
            1073.5107421875,
            73.0712890625
          ],
          [
            1076.6815185546875,
            80.6549072265625
          ],
          [
            1079.6875,
            89.0625
          ],
          [
            1082.5469970703125,
            98.2025146484375
          ],
          [
            1085.2783203125,
            107.9833984375
          ],
          [
            1087.8997802734375,
            118.3135986328125
          ],
          [
            1090.4296875,
            129.1015625
          ],
          [
            1092.8863525390625,
            140.2557373046875
          ],
          [
            1095.2880859375,
            151.6845703125
          ],
          [
            1097.6531982421875,
            163.2965087890625
          ],
          [
            1100,
            175
          ],
          [
            1102.3468017578125,
            186.7034912109375
          ],
          [
            1104.7119140625,
            198.3154296875
          ],
          [
            1107.1136474609375,
            209.7442626953125
          ],
          [
            1109.5703125,
            220.8984375
          ],
          [
            1112.1002197265625,
            231.6864013671875
          ],
          [
            1114.7216796875,
            242.0166015625
          ],
          [
            1117.4530029296875,
            251.7974853515625
          ],
          [
            1120.3125,
            260.9375
          ],
          [
            1123.3184814453125,
            269.3450927734375
          ],
          [
            1126.4892578125,
            276.9287109375
          ],
          [
            1129.8431396484375,
            283.5968017578125
          ],
          [
            1133.3984375,
            289.2578125
          ],
          [
            1137.1734619140625,
            293.8201904296875
          ],
          [
            1141.1865234375,
            297.1923828125
          ],
          [
            1145.4559326171875,
            299.2828369140625
          ],
          [
            1150,
            300
          ],
          [
            1154.5440673828125,
            299.2828369140625
          ],
          [
            1158.8134765625,
            297.1923828125
          ],
          [
            1162.8265380859375,
            293.8201904296875
          ],
          [
            1166.6015625,
            289.2578125
          ],
          [
            1170.1568603515625,
            283.5968017578125
          ],
          [
            1173.5107421875,
            276.9287109375
          ],
          [
            1176.6815185546875,
            269.3450927734375
          ],
          [
            1179.6875,
            260.9375
          ],
          [
            1182.5469970703125,
            251.7974853515625
          ],
          [
            1185.2783203125,
            242.0166015625
          ],
          [
            1187.8997802734375,
            231.6864013671875
          ],
          [
            1190.4296875,
            220.8984375
          ],
          [
            1192.8863525390625,
            209.7442626953125
          ],
          [
            1195.2880859375,
            198.3154296875
          ],
          [
            1197.6531982421875,
            186.7034912109375
          ],
          [
            1200,
            175
          ],
          [
            1202.3468017578125,
            163.2965087890625
          ],
          [
            1204.7119140625,
            151.6845703125
          ],
          [
            1207.1136474609375,
            140.2557373046875
          ],
          [
            1209.5703125,
            129.1015625
          ],
          [
            1212.1002197265625,
            118.3135986328125
          ],
          [
            1214.7216796875,
            107.9833984375
          ],
          [
            1217.4530029296875,
            98.2025146484375
          ],
          [
            1220.3125,
            89.0625
          ],
          [
            1223.3184814453125,
            80.6549072265625
          ],
          [
            1226.4892578125,
            73.0712890625
          ],
          [
            1229.8431396484375,
            66.4031982421875
          ],
          [
            1233.3984375,
            60.7421875
          ],
          [
            1237.1734619140625,
            56.1798095703125
          ],
          [
            1241.1865234375,
            52.8076171875
          ],
          [
            1245.4559326171875,
            50.7171630859375
          ],
          [
            1250,
            50
          ],
          [
            1254.5440673828125,
            50.7171630859375
          ],
          [
            1258.8134765625,
            52.8076171875
          ],
          [
            1262.8265380859375,
            56.1798095703125
          ],
          [
            1266.6015625,
            60.7421875
          ],
          [
            1270.1568603515625,
            66.4031982421875
          ],
          [
            1273.5107421875,
            73.0712890625
          ],
          [
            1276.6815185546875,
            80.6549072265625
          ],
          [
            1279.6875,
            89.0625
          ],
          [
            1282.5469970703125,
            98.2025146484375
          ],
          [
            1285.2783203125,
            107.9833984375
          ],
          [
            1287.8997802734375,
            118.3135986328125
          ],
          [
            1290.4296875,
            129.1015625
          ],
          [
            1292.8863525390625,
            140.2557373046875
          ],
          [
            1295.2880859375,
            151.6845703125
          ],
          [
            1297.6531982421875,
            163.2965087890625
          ],
          [
            1300,
            175
          ],
          [
            1302.3468017578125,
            186.7034912109375
          ],
          [
            1304.7119140625,
            198.3154296875
          ],
          [
            1307.1136474609375,
            209.7442626953125
          ],
          [
            1309.5703125,
            220.8984375
          ],
          [
            1312.1002197265625,
            231.6864013671875
          ],
          [
            1314.7216796875,
            242.0166015625
          ],
          [
            1317.4530029296875,
            251.7974853515625
          ],
          [
            1320.3125,
            260.9375
          ],
          [
            1323.3184814453125,
            269.3450927734375
          ],
          [
            1326.4892578125,
            276.9287109375
          ],
          [
            1329.8431396484375,
            283.5968017578125
          ],
          [
            1333.3984375,
            289.2578125
          ],
          [
            1337.1734619140625,
            293.8201904296875
          ],
          [
            1341.1865234375,
            297.1923828125
          ],
          [
            1345.4559326171875,
            299.2828369140625
          ],
          [
            1350,
            300
          ]
        ],
        "color": 1,
        "type": "POLYLINE",
        "dir": 0,
        "layer": 1
      },
      "geoCount": 1
    },
    "2": {
      "1": {
        "vertCount": 3,
        "connectLine": 0,
        "endPts": [
          [
            1350,
            300
          ],
          [
            1350,
            300
          ],
          [
            1350,
            150
          ]
        ],
        "color": 250,
        "type": "POLYLINE",
        "dir": 0,
        "layer": 2
      },
      "geoCount": 1
    },
    "3": {
      "1": {
        "vertCount": 418,
        "connectLine": 0,
        "endPts": [
          [
            1350,
            150
          ],
          [
            1350,
            150
          ],
          [
            1341.748046875,
            150.5615234375
          ],
          [
            1335.546875,
            152.1484375
          ],
          [
            1331.103515625,
            154.6142578125
          ],
          [
            1328.125,
            157.8125
          ],
          [
            1326.318359375,
            161.5966796875
          ],
          [
            1325.390625,
            165.8203125
          ],
          [
            1325.048828125,
            170.3369140625
          ],
          [
            1325,
            175
          ],
          [
            1324.951171875,
            179.6630859375
          ],
          [
            1324.609375,
            184.1796875
          ],
          [
            1323.681640625,
            188.4033203125
          ],
          [
            1321.875,
            192.1875
          ],
          [
            1318.896484375,
            195.3857421875
          ],
          [
            1314.453125,
            197.8515625
          ],
          [
            1308.251953125,
            199.4384765625
          ],
          [
            1300,
            200
          ],
          [
            1291.748046875,
            199.4384765625
          ],
          [
            1285.546875,
            197.8515625
          ],
          [
            1281.103515625,
            195.3857421875
          ],
          [
            1278.125,
            192.1875
          ],
          [
            1276.318359375,
            188.4033203125
          ],
          [
            1275.390625,
            184.1796875
          ],
          [
            1275.048828125,
            179.6630859375
          ],
          [
            1275,
            175
          ],
          [
            1274.951171875,
            170.3369140625
          ],
          [
            1274.609375,
            165.8203125
          ],
          [
            1273.681640625,
            161.5966796875
          ],
          [
            1271.875,
            157.8125
          ],
          [
            1268.896484375,
            154.6142578125
          ],
          [
            1264.453125,
            152.1484375
          ],
          [
            1258.251953125,
            150.5615234375
          ],
          [
            1250,
            150
          ],
          [
            1241.748046875,
            150.5615234375
          ],
          [
            1235.546875,
            152.1484375
          ],
          [
            1231.103515625,
            154.6142578125
          ],
          [
            1228.125,
            157.8125
          ],
          [
            1226.318359375,
            161.5966796875
          ],
          [
            1225.390625,
            165.8203125
          ],
          [
            1225.048828125,
            170.3369140625
          ],
          [
            1225,
            175
          ],
          [
            1224.951171875,
            179.6630859375
          ],
          [
            1224.609375,
            184.1796875
          ],
          [
            1223.681640625,
            188.4033203125
          ],
          [
            1221.875,
            192.1875
          ],
          [
            1218.896484375,
            195.3857421875
          ],
          [
            1214.453125,
            197.8515625
          ],
          [
            1208.251953125,
            199.4384765625
          ],
          [
            1200,
            200
          ],
          [
            1191.748046875,
            199.4384765625
          ],
          [
            1185.546875,
            197.8515625
          ],
          [
            1181.103515625,
            195.3857421875
          ],
          [
            1178.125,
            192.1875
          ],
          [
            1176.318359375,
            188.4033203125
          ],
          [
            1175.390625,
            184.1796875
          ],
          [
            1175.048828125,
            179.6630859375
          ],
          [
            1175,
            175
          ],
          [
            1174.951171875,
            170.3369140625
          ],
          [
            1174.609375,
            165.8203125
          ],
          [
            1173.681640625,
            161.5966796875
          ],
          [
            1171.875,
            157.8125
          ],
          [
            1168.896484375,
            154.6142578125
          ],
          [
            1164.453125,
            152.1484375
          ],
          [
            1158.251953125,
            150.5615234375
          ],
          [
            1150,
            150
          ],
          [
            1141.748046875,
            150.5615234375
          ],
          [
            1135.546875,
            152.1484375
          ],
          [
            1131.103515625,
            154.6142578125
          ],
          [
            1128.125,
            157.8125
          ],
          [
            1126.318359375,
            161.5966796875
          ],
          [
            1125.390625,
            165.8203125
          ],
          [
            1125.048828125,
            170.3369140625
          ],
          [
            1125,
            175
          ],
          [
            1124.951171875,
            179.6630859375
          ],
          [
            1124.609375,
            184.1796875
          ],
          [
            1123.681640625,
            188.4033203125
          ],
          [
            1121.875,
            192.1875
          ],
          [
            1118.896484375,
            195.3857421875
          ],
          [
            1114.453125,
            197.8515625
          ],
          [
            1108.251953125,
            199.4384765625
          ],
          [
            1100,
            200
          ],
          [
            1091.748046875,
            199.4384765625
          ],
          [
            1085.546875,
            197.8515625
          ],
          [
            1081.103515625,
            195.3857421875
          ],
          [
            1078.125,
            192.1875
          ],
          [
            1076.318359375,
            188.4033203125
          ],
          [
            1075.390625,
            184.1796875
          ],
          [
            1075.048828125,
            179.6630859375
          ],
          [
            1075,
            175
          ],
          [
            1074.951171875,
            170.3369140625
          ],
          [
            1074.609375,
            165.8203125
          ],
          [
            1073.681640625,
            161.5966796875
          ],
          [
            1071.875,
            157.8125
          ],
          [
            1068.896484375,
            154.6142578125
          ],
          [
            1064.453125,
            152.1484375
          ],
          [
            1058.251953125,
            150.5615234375
          ],
          [
            1050,
            150
          ],
          [
            1041.748046875,
            150.5615234375
          ],
          [
            1035.546875,
            152.1484375
          ],
          [
            1031.103515625,
            154.6142578125
          ],
          [
            1028.125,
            157.8125
          ],
          [
            1026.318359375,
            161.5966796875
          ],
          [
            1025.390625,
            165.8203125
          ],
          [
            1025.048828125,
            170.3369140625
          ],
          [
            1025,
            175
          ],
          [
            1024.951171875,
            179.6630859375
          ],
          [
            1024.609375,
            184.1796875
          ],
          [
            1023.681640625,
            188.4033203125
          ],
          [
            1021.875,
            192.1875
          ],
          [
            1018.896484375,
            195.3857421875
          ],
          [
            1014.453125,
            197.8515625
          ],
          [
            1008.251953125,
            199.4384765625
          ],
          [
            1000,
            200
          ],
          [
            991.748046875,
            199.4384765625
          ],
          [
            985.546875,
            197.8515625
          ],
          [
            981.103515625,
            195.3857421875
          ],
          [
            978.125,
            192.1875
          ],
          [
            976.318359375,
            188.4033203125
          ],
          [
            975.390625,
            184.1796875
          ],
          [
            975.048828125,
            179.6630859375
          ],
          [
            975,
            175
          ],
          [
            974.951171875,
            170.3369140625
          ],
          [
            974.609375,
            165.8203125
          ],
          [
            973.681640625,
            161.5966796875
          ],
          [
            971.875,
            157.8125
          ],
          [
            968.896484375,
            154.6142578125
          ],
          [
            964.453125,
            152.1484375
          ],
          [
            958.251953125,
            150.5615234375
          ],
          [
            950,
            150
          ],
          [
            941.748046875,
            150.5615234375
          ],
          [
            935.546875,
            152.1484375
          ],
          [
            931.103515625,
            154.6142578125
          ],
          [
            928.125,
            157.8125
          ],
          [
            926.318359375,
            161.5966796875
          ],
          [
            925.390625,
            165.8203125
          ],
          [
            925.048828125,
            170.3369140625
          ],
          [
            925,
            175
          ],
          [
            924.951171875,
            179.6630859375
          ],
          [
            924.609375,
            184.1796875
          ],
          [
            923.681640625,
            188.4033203125
          ],
          [
            921.875,
            192.1875
          ],
          [
            918.896484375,
            195.3857421875
          ],
          [
            914.453125,
            197.8515625
          ],
          [
            908.251953125,
            199.4384765625
          ],
          [
            900,
            200
          ],
          [
            891.748046875,
            199.4384765625
          ],
          [
            885.546875,
            197.8515625
          ],
          [
            881.103515625,
            195.3857421875
          ],
          [
            878.125,
            192.1875
          ],
          [
            876.318359375,
            188.4033203125
          ],
          [
            875.390625,
            184.1796875
          ],
          [
            875.048828125,
            179.6630859375
          ],
          [
            875,
            175
          ],
          [
            874.951171875,
            170.3369140625
          ],
          [
            874.609375,
            165.8203125
          ],
          [
            873.681640625,
            161.5966796875
          ],
          [
            871.875,
            157.8125
          ],
          [
            868.896484375,
            154.6142578125
          ],
          [
            864.453125,
            152.1484375
          ],
          [
            858.251953125,
            150.5615234375
          ],
          [
            850,
            150
          ],
          [
            841.748046875,
            150.5615234375
          ],
          [
            835.546875,
            152.1484375
          ],
          [
            831.103515625,
            154.6142578125
          ],
          [
            828.125,
            157.8125
          ],
          [
            826.318359375,
            161.5966796875
          ],
          [
            825.390625,
            165.8203125
          ],
          [
            825.048828125,
            170.3369140625
          ],
          [
            825,
            175
          ],
          [
            824.951171875,
            179.6630859375
          ],
          [
            824.609375,
            184.1796875
          ],
          [
            823.681640625,
            188.4033203125
          ],
          [
            821.875,
            192.1875
          ],
          [
            818.896484375,
            195.3857421875
          ],
          [
            814.453125,
            197.8515625
          ],
          [
            808.251953125,
            199.4384765625
          ],
          [
            800,
            200
          ],
          [
            791.748046875,
            199.4384765625
          ],
          [
            785.546875,
            197.8515625
          ],
          [
            781.103515625,
            195.3857421875
          ],
          [
            778.125,
            192.1875
          ],
          [
            776.318359375,
            188.4033203125
          ],
          [
            775.390625,
            184.1796875
          ],
          [
            775.048828125,
            179.6630859375
          ],
          [
            775,
            175
          ],
          [
            774.951171875,
            170.3369140625
          ],
          [
            774.609375,
            165.8203125
          ],
          [
            773.681640625,
            161.5966796875
          ],
          [
            771.875,
            157.8125
          ],
          [
            768.896484375,
            154.6142578125
          ],
          [
            764.453125,
            152.1484375
          ],
          [
            758.251953125,
            150.5615234375
          ],
          [
            750,
            150
          ],
          [
            741.748046875,
            150.5615234375
          ],
          [
            735.546875,
            152.1484375
          ],
          [
            731.103515625,
            154.6142578125
          ],
          [
            728.125,
            157.8125
          ],
          [
            726.318359375,
            161.5966796875
          ],
          [
            725.390625,
            165.8203125
          ],
          [
            725.048828125,
            170.3369140625
          ],
          [
            725,
            175
          ],
          [
            724.951171875,
            179.6630859375
          ],
          [
            724.609375,
            184.1796875
          ],
          [
            723.681640625,
            188.4033203125
          ],
          [
            721.875,
            192.1875
          ],
          [
            718.896484375,
            195.3857421875
          ],
          [
            714.453125,
            197.8515625
          ],
          [
            708.251953125,
            199.4384765625
          ],
          [
            700,
            200
          ],
          [
            691.748046875,
            199.4384765625
          ],
          [
            685.546875,
            197.8515625
          ],
          [
            681.103515625,
            195.3857421875
          ],
          [
            678.125,
            192.1875
          ],
          [
            676.318359375,
            188.4033203125
          ],
          [
            675.390625,
            184.1796875
          ],
          [
            675.048828125,
            179.6630859375
          ],
          [
            675,
            175
          ],
          [
            674.951171875,
            170.3369140625
          ],
          [
            674.609375,
            165.8203125
          ],
          [
            673.681640625,
            161.5966796875
          ],
          [
            671.875,
            157.8125
          ],
          [
            668.896484375,
            154.6142578125
          ],
          [
            664.453125,
            152.1484375
          ],
          [
            658.251953125,
            150.5615234375
          ],
          [
            650,
            150
          ],
          [
            641.748046875,
            150.5615234375
          ],
          [
            635.546875,
            152.1484375
          ],
          [
            631.103515625,
            154.6142578125
          ],
          [
            628.125,
            157.8125
          ],
          [
            626.318359375,
            161.5966796875
          ],
          [
            625.390625,
            165.8203125
          ],
          [
            625.048828125,
            170.3369140625
          ],
          [
            625,
            175
          ],
          [
            624.951171875,
            179.6630859375
          ],
          [
            624.609375,
            184.1796875
          ],
          [
            623.681640625,
            188.4033203125
          ],
          [
            621.875,
            192.1875
          ],
          [
            618.896484375,
            195.3857421875
          ],
          [
            614.453125,
            197.8515625
          ],
          [
            608.251953125,
            199.4384765625
          ],
          [
            600,
            200
          ],
          [
            591.748046875,
            199.4384765625
          ],
          [
            585.546875,
            197.8515625
          ],
          [
            581.103515625,
            195.3857421875
          ],
          [
            578.125,
            192.1875
          ],
          [
            576.318359375,
            188.4033203125
          ],
          [
            575.390625,
            184.1796875
          ],
          [
            575.048828125,
            179.6630859375
          ],
          [
            575,
            175
          ],
          [
            574.951171875,
            170.3369140625
          ],
          [
            574.609375,
            165.8203125
          ],
          [
            573.681640625,
            161.5966796875
          ],
          [
            571.875,
            157.8125
          ],
          [
            568.896484375,
            154.6142578125
          ],
          [
            564.453125,
            152.1484375
          ],
          [
            558.251953125,
            150.5615234375
          ],
          [
            550,
            150
          ],
          [
            541.748046875,
            150.5615234375
          ],
          [
            535.546875,
            152.1484375
          ],
          [
            531.103515625,
            154.6142578125
          ],
          [
            528.125,
            157.8125
          ],
          [
            526.318359375,
            161.5966796875
          ],
          [
            525.390625,
            165.8203125
          ],
          [
            525.048828125,
            170.3369140625
          ],
          [
            525,
            175
          ],
          [
            524.951171875,
            179.6630859375
          ],
          [
            524.609375,
            184.1796875
          ],
          [
            523.681640625,
            188.4033203125
          ],
          [
            521.875,
            192.1875
          ],
          [
            518.896484375,
            195.3857421875
          ],
          [
            514.453125,
            197.8515625
          ],
          [
            508.251953125,
            199.4384765625
          ],
          [
            500,
            200
          ],
          [
            491.748046875,
            199.4384765625
          ],
          [
            485.546875,
            197.8515625
          ],
          [
            481.103515625,
            195.3857421875
          ],
          [
            478.125,
            192.1875
          ],
          [
            476.318359375,
            188.4033203125
          ],
          [
            475.390625,
            184.1796875
          ],
          [
            475.048828125,
            179.6630859375
          ],
          [
            475,
            175
          ],
          [
            474.951171875,
            170.3369140625
          ],
          [
            474.609375,
            165.8203125
          ],
          [
            473.681640625,
            161.5966796875
          ],
          [
            471.875,
            157.8125
          ],
          [
            468.896484375,
            154.6142578125
          ],
          [
            464.453125,
            152.1484375
          ],
          [
            458.251953125,
            150.5615234375
          ],
          [
            450,
            150
          ],
          [
            441.748046875,
            150.5615234375
          ],
          [
            435.546875,
            152.1484375
          ],
          [
            431.103515625,
            154.6142578125
          ],
          [
            428.125,
            157.8125
          ],
          [
            426.318359375,
            161.5966796875
          ],
          [
            425.390625,
            165.8203125
          ],
          [
            425.048828125,
            170.3369140625
          ],
          [
            425,
            175
          ],
          [
            424.951171875,
            179.6630859375
          ],
          [
            424.609375,
            184.1796875
          ],
          [
            423.681640625,
            188.4033203125
          ],
          [
            421.875,
            192.1875
          ],
          [
            418.896484375,
            195.3857421875
          ],
          [
            414.453125,
            197.8515625
          ],
          [
            408.251953125,
            199.4384765625
          ],
          [
            400,
            200
          ],
          [
            391.748046875,
            199.4384765625
          ],
          [
            385.546875,
            197.8515625
          ],
          [
            381.103515625,
            195.3857421875
          ],
          [
            378.125,
            192.1875
          ],
          [
            376.318359375,
            188.4033203125
          ],
          [
            375.390625,
            184.1796875
          ],
          [
            375.048828125,
            179.6630859375
          ],
          [
            375,
            175
          ],
          [
            374.951171875,
            170.3369140625
          ],
          [
            374.609375,
            165.8203125
          ],
          [
            373.681640625,
            161.5966796875
          ],
          [
            371.875,
            157.8125
          ],
          [
            368.896484375,
            154.6142578125
          ],
          [
            364.453125,
            152.1484375
          ],
          [
            358.251953125,
            150.5615234375
          ],
          [
            350,
            150
          ],
          [
            341.748046875,
            150.5615234375
          ],
          [
            335.546875,
            152.1484375
          ],
          [
            331.103515625,
            154.6142578125
          ],
          [
            328.125,
            157.8125
          ],
          [
            326.318359375,
            161.5966796875
          ],
          [
            325.390625,
            165.8203125
          ],
          [
            325.048828125,
            170.3369140625
          ],
          [
            325,
            175
          ],
          [
            324.951171875,
            179.6630859375
          ],
          [
            324.609375,
            184.1796875
          ],
          [
            323.681640625,
            188.4033203125
          ],
          [
            321.875,
            192.1875
          ],
          [
            318.896484375,
            195.3857421875
          ],
          [
            314.453125,
            197.8515625
          ],
          [
            308.251953125,
            199.4384765625
          ],
          [
            300,
            200
          ],
          [
            291.748046875,
            199.4384765625
          ],
          [
            285.546875,
            197.8515625
          ],
          [
            281.103515625,
            195.3857421875
          ],
          [
            278.125,
            192.1875
          ],
          [
            276.318359375,
            188.4033203125
          ],
          [
            275.390625,
            184.1796875
          ],
          [
            275.048828125,
            179.6630859375
          ],
          [
            275,
            175
          ],
          [
            274.951171875,
            170.3369140625
          ],
          [
            274.609375,
            165.8203125
          ],
          [
            273.681640625,
            161.5966796875
          ],
          [
            271.875,
            157.8125
          ],
          [
            268.896484375,
            154.6142578125
          ],
          [
            264.453125,
            152.1484375
          ],
          [
            258.251953125,
            150.5615234375
          ],
          [
            250,
            150
          ],
          [
            241.748046875,
            150.5615234375
          ],
          [
            235.546875,
            152.1484375
          ],
          [
            231.103515625,
            154.6142578125
          ],
          [
            228.125,
            157.8125
          ],
          [
            226.318359375,
            161.5966796875
          ],
          [
            225.390625,
            165.8203125
          ],
          [
            225.048828125,
            170.3369140625
          ],
          [
            225,
            175
          ],
          [
            224.951171875,
            179.6630859375
          ],
          [
            224.609375,
            184.1796875
          ],
          [
            223.681640625,
            188.4033203125
          ],
          [
            221.875,
            192.1875
          ],
          [
            218.896484375,
            195.3857421875
          ],
          [
            214.453125,
            197.8515625
          ],
          [
            208.251953125,
            199.4384765625
          ],
          [
            200,
            200
          ],
          [
            191.748046875,
            199.4384765625
          ],
          [
            185.546875,
            197.8515625
          ],
          [
            181.103515625,
            195.3857421875
          ],
          [
            178.125,
            192.1875
          ],
          [
            176.318359375,
            188.4033203125
          ],
          [
            175.390625,
            184.1796875
          ],
          [
            175.048828125,
            179.6630859375
          ],
          [
            175,
            175
          ],
          [
            174.951171875,
            170.3369140625
          ],
          [
            174.609375,
            165.8203125
          ],
          [
            173.681640625,
            161.5966796875
          ],
          [
            171.875,
            157.8125
          ],
          [
            168.896484375,
            154.6142578125
          ],
          [
            164.453125,
            152.1484375
          ],
          [
            158.251953125,
            150.5615234375
          ],
          [
            150,
            150
          ],
          [
            141.748046875,
            150.5615234375
          ],
          [
            135.546875,
            152.1484375
          ],
          [
            131.103515625,
            154.6142578125
          ],
          [
            128.125,
            157.8125
          ],
          [
            126.318359375,
            161.5966796875
          ],
          [
            125.390625,
            165.8203125
          ],
          [
            125.048828125,
            170.3369140625
          ],
          [
            125,
            175
          ],
          [
            124.951171875,
            179.6630859375
          ],
          [
            124.609375,
            184.1796875
          ],
          [
            123.681640625,
            188.4033203125
          ],
          [
            121.875,
            192.1875
          ],
          [
            118.896484375,
            195.3857421875
          ],
          [
            114.453125,
            197.8515625
          ],
          [
            108.251953125,
            199.4384765625
          ],
          [
            100,
            200
          ],
          [
            91.748046875,
            199.4384765625
          ],
          [
            85.546875,
            197.8515625
          ],
          [
            81.103515625,
            195.3857421875
          ],
          [
            78.125,
            192.1875
          ],
          [
            76.318359375,
            188.4033203125
          ],
          [
            75.390625,
            184.1796875
          ],
          [
            75.048828125,
            179.6630859375
          ],
          [
            75,
            175
          ],
          [
            74.951171875,
            170.3369140625
          ],
          [
            74.609375,
            165.8203125
          ],
          [
            73.681640625,
            161.5966796875
          ],
          [
            71.875,
            157.8125
          ],
          [
            68.896484375,
            154.6142578125
          ],
          [
            64.453125,
            152.1484375
          ],
          [
            58.251953125,
            150.5615234375
          ],
          [
            50,
            150
          ]
        ],
        "color": 174,
        "type": "POLYLINE",
        "dir": 0,
        "layer": 3
      },
      "geoCount": 1
    },
    "4": {
      "1": {
        "vertCount": 3,
        "connectLine": 0,
        "endPts": [
          [
            50,
            150
          ],
          [
            50,
            150
          ],
          [
            0,
            0
          ]
        ],
        "color": 250,
        "type": "POLYLINE",
        "dir": 0,
        "layer": 4
      },
      "geoCount": 1
    }
  },
  "layerList": [
    0,
    1,
    2,
    3,
    4
  ]
}